job_id,company_id,job_title,department,job_description,location,employment_type,min_experience,max_experience,min_salary,max_salary,vacancies,status,created_at,updated_at
2,1,Data Analyst,Analytics,Analyze business data and create dashboards.,Mumbai,FULL_TIME,1.0,3.0,400000.0,700000.0,2,OPEN,2026-07-22 09:04:01.204726,2026-07-22 09:04:01.204726
1,1,Senior Data Analyst,Analytics,Analyze data and mentor junior analysts.,Mumbai,FULL_TIME,2.0,5.0,600000.0,1000000.0,3,CLOSED,2026-07-20 14:27:45.953489,2026-07-22 09:06:09.435796
3,1,Senior Data Analyst,Analytics,Analyze data and mentor junior analysts.,Mumbai,FULL_TIME,2.0,5.0,600000.0,1000000.0,3,OPEN,2026-07-22 09:06:25.289374,2026-07-22 09:06:25.289374
6,1,Software Engineer,Engineering,"We are looking for a Software Engineer with experience in Python, FastAPI, PostgreSQL, and REST API development. The candidate should be passionate about building scalable backend applications and working in an Agile environment.","Mumbai, Maharashtra, India",FULL_TIME,1.0,3.0,500000.0,800000.0,3,OPEN,2026-07-23 05:06:13.071430,2026-07-23 05:06:13.071430
8,1,Data Analyst,Analytics,"We are looking for a Data Analyst with SQL, Python, Power BI, Excel and PostgreSQL experience. Knowledge of Azure or Databricks is preferred.",Mumbai,FULL_TIME,1.0,3.0,500000.0,800000.0,2,OPEN,2026-07-24 15:24:13.071505,2026-07-24 15:24:13.071505
10,3,Data Analyst,Analytics,"We are looking for a Data Analyst with SQL, Python, Power BI, PostgreSQL, Excel and DAX. Knowledge of Azure, Databricks and Microsoft Fabric is preferred.",Mumbai,FULL_TIME,1.0,3.0,500000.0,900000.0,2,OPEN,2026-07-24 15:29:41.794399,2026-07-24 15:29:41.794399
11,3,Data Analyst,Analytics,"We are looking for a Data Analyst with SQL, Python, Power BI, PostgreSQL, Excel and DAX. Knowledge of Azure, Databricks and Microsoft Fabric is preferred.",Mumbai,FULL_TIME,1.0,3.0,500000.0,900000.0,2,OPEN,2026-07-24 15:52:56.407766,2026-07-24 15:52:56.407766
12,3,Senior Data Analyst,Analytics,"We are looking for a Data Analyst with SQL, Python, Power BI, PostgreSQL, Excel, DAX, ETL, Data Modeling and Dashboard Development. Experience with Azure, Databricks and Microsoft Fabric is preferred. Candidates should have good communication skills and at least 2 years of analytics experience.",Mumbai,FULL_TIME,2.0,5.0,700000.0,1200000.0,3,OPEN,2026-07-24 15:55:41.291736,2026-07-24 15:55:41.291736
13,1,Python Backend Developer,Engineering,"We are looking for a Python Backend Developer with 2-5 years of experience in building scalable backend applications. The ideal candidate should have strong knowledge of Python, FastAPI, SQLAlchemy, PostgreSQL, REST APIs, Docker, Git, and AWS. Experience with Redis, Kubernetes, CI/CD pipelines, and microservices architecture is preferred. The candidate will be responsible for developing APIs, optimizing database performance, integrating third-party services, writing unit tests, and collaborating with frontend developers to deliver high-quality software.",Bengaluru,FULL_TIME,2.0,5.0,800000.0,1500000.0,3,OPEN,2026-07-26 14:06:11.109965,2026-07-26 14:06:11.109965
